source,app_id,review_id,dedup_key,author,rating,title,body,version,country,updated,helpful_votes,lang,lang_method,is_junk,junk_reason,pii_scrubbed,sort_by,fetched_at
amp-page,1544884479,13804271616,id:13804271616,quickly。,5,“绝望的蛋小黄语音包”建议,"我是蛋仔派对的一名忠实玩家，从接触这款游戏至今，始终陪伴着游戏的成长与更新，也一直深深喜爱着游戏丰富多样的联动活动、趣味十足的玩法设计以及充满创意的角色内容。无论是各类主题联动带来的新鲜感，还是日常更新的趣味模式，都让我感受到了官方的用心，也愿意主动向身边的朋友推荐这款游戏，始终坚定地支持官方打造更优质、更有趣的游戏体验，见证游戏的每一步进步。

但近期，游戏内推出的“绝望的蛋小黄语音包”相关内容，让我感到十分担忧与遗憾。该语音包中，直接使用并魔改了《狐妖小红娘》IP中的经典台词，将原作中承载着情感内核、极具辨识度的名句进行修改后，用于游戏语音、相关玩法宣传以及角色推广中，而截至目前，我从未在游戏公告、语音包介绍或官方任何渠道，看到过关于使用这些台词的官方授权说明，也未见到官方与《狐妖小红娘》IP方的相关合作公告。

《狐妖小红娘》作为深受大众喜爱的原创IP，其经典台词不仅是作品的核心创意所在，更是承载着无数粉丝情感记忆的重要符号，每一句台词都蕴含着原作的情感内核与创作心血，是受著作权法保护的原创内容。未经IP方授权，擅自使用并魔改这些经典台词用于商业用途，不仅可能涉嫌侵犯原作的著作权与改编权，存在极大的侵权风险，也会伤害到同时喜爱蛋仔派对与《狐妖小红娘》两款IP的玩家的心。

作为一名忠实玩家，我既希望蛋仔派对能够持续推出有创意、有吸引力的内容，也希望官方能够坚守正版底线，尊重每一个原创IP的创作成果。在此，我郑重向官方提出建议：请尽快核实“绝望的蛋小黄语音包”中相关台词的版权授权情况，及时与《狐妖小红娘》IP方沟通协商，完善授权流程；若无法取得合法授权，恳请官方及时下架该语音包或对相关内容进行整改，删除所有侵权台词；同时，加强游戏内容审核机制，杜绝此类未经授权使用他人原创内容的行为再次发生。

我始终相信蛋仔派对官方有能力、有态度维护好游戏的口碑与形象，也期待官方能够重视此次问题，积极回应玩家诉求，坚守正版原则，继续为我们这些忠实玩家带来合规、优质、有趣的游戏内容，不辜负每一份玩家的信任与支持。",,cn,2026-03-02T01:13:39.000Z,0,zh,script-heuristic,False,,True,page,2026-08-12T09:33:51+00:00
amp-page,1544884479,13977356558,id:13977356558,我也不会h h h h,5,AY新赛季来了,这款游戏挺不错的，说实话，我看了其他人的评论，我也是先玩圆梦才来的，之后我就发现网络上就有很多人说圆梦抄袭蛋仔，我很生气，不过来了蛋仔才发现这个游戏才是正版的，好吧，我现在已经把圆梦删了，请求大家的原谅我也是才入坑的新手好吧，我觉得这一个模式很多，我最喜欢的是救出捣蛋鬼，不过呢，我就是给个小小的建议，好吧，希望能刷出狼人的这个概率大一点。还有逃出惊魂夜，嗯，我觉得如果把这个追捕海色的这个皮肤降低一点，价格的话，我可能就会买了樱樱，不过现在还没有那么多钱。蛋仔真的很努力，希望更多的玩家来玩，也希望更多的家蛋们支持蛋仔这款游戏。我现在呢，还没有成年，用的是妈妈的号，不过我也不会沉迷游戏，希望更多人能加我的好友一起玩还有嗯，巅峰赛能非常的刺激，能交到更多的大佬好朋友还有你前面说的这两个模式都是我特别喜欢的，嗯，对于前面我说的刷出狼人概率大一点，真的特别希望冈易改一下对于那些有至正有紫皮什么都有皮肤的大佬来说，我真的不希望他们因为有皮肤就看不起这些没皮肤的新手岛屿上有很多见，但会无缘无故地打我们这个事情，我也希望冈易重视一下希望更多的人能勇敢地出来举报，还有在金和夜里Bug是更多的，比如出生是无敌点位，还有追捕出生的时候是蛋仔的形象，这些Bug，我希望冈易更重视一些对于这些情况还不是特别的愤怒，还有一个bug特别让人讨厌，就是冈易逃出惊魂夜里面的语音，我们这些蛋仔只是想用语音说出自己对队友说的话，不过有的时候刚毅可能就会把我们说的话改成别的或者错字之类的，比如报童报童打成老公老公这样的现象很多这点我真的很不解，也有很多人说出这样的情况，希望您改一下，不然会影响我们的游戏状况而且有的时候根本就检测不出来，我们说话了这样真的很讨厌特别特别希望冈易一改一下。还有一点希望刚毅能做10圆梦抄袭蛋仔这一点抄袭这一点把我真的觉得非常的不好，毕竟不是自己原创的，肯定会感到羞愧好啦，看到这里的家蛋就给个五星好评吧，希望更多的人能支持蛋仔业主给五星好评的家蛋，每天开开心心，学业有成。,,cn,2026-04-20T06:56:33.000Z,0,zh,script-heuristic,False,,True,page,2026-08-12T09:33:51+00:00
amp-page,1544884479,14019636141,id:14019636141,差不多玩儿了一年了,5,一半喜欢，一半讨厌。,这边我是半老半新的玩家，因为我已经玩了一年了。对于蛋仔派对我还是一半喜欢，一半讨厌的。 喜欢方面: 1、所有的模式都挺好玩的，特别是揪出捣蛋鬼、惊魂寻宝队和逃出惊魂夜，我超喜欢玩的。 2、虽然有些玩家觉得所有的bug都不好，但是我是觉得有些bug是好的。因为这些卡bug很好玩哦，比如说飞天bug等等。 3、新出的逃生和抓捕都可以免费试玩一周，我感觉这个方面挺好的，希望刚毅能多搞一点这样的活动。4、惊魂城堡挺好玩的，里的怪物都做的挺好，还有就是宝物做的都挺好的，还有大金，要是大金的暴率能再调高一点点就更好了，还有就是新怪物抱抱熊的强度可以再稍微调高一点，比如说速度调快点什么的。 讨厌方面: 1、网络不太好，有时候我玩 揪出捣蛋鬼和逃出惊魂夜等等其他模式的时候，我经常遇到网卡的问题，动不动就卡在原地不能动了。 2、还有就是那个蛋荣分儿这边我是一个小学生，然后到了规定时间就不能玩了，但是大多数都在派对中。然后我退出了会减蛋荣分，久而久之我的蛋荣分儿就没了。也不能玩儿我最喜欢的逃出惊魂夜和揪出捣蛋鬼了。 3、还有上面说的那样，有些bug确实是不太好，比如我玩四蛋斗到底的时候，玩的是一个搬运恐龙蛋的一个关卡，我本来想跳起来搬运红蛋，结果直接卡到洞里面去了，我半天不能动，我当然就分儿最低。4、需要氪金的皮肤太多了，不氪金的也大多都是紫皮或者是套装，如果能再多搞点送大币或者是多搞点送至臻皮肤的活动就好了。5、还有就是这个玩家骂人现象  ，希望上一把审核几率调高点， 还有玩家卡无敌点、外挂、场外等现象      但是我还是觉得蛋仔派对非常好玩，只要家长同意，我就会玩儿，也是可以撞走不开心，结交好朋友，但是我希望刚毅能越做越好，谢谢，希望刚毅能看到我的这篇条评论。哦，对了，7年以后可以跟《猫武士》联动一下吗？我真的很喜欢这本书里的角色，如果联动的话可以做一些免费赠送《猫武士》皮肤的任务吗？谢谢。,,cn,2026-05-02T10:50:05.000Z,0,zh,script-heuristic,False,,True,page,2026-08-12T09:33:51+00:00
amp-page,1544884479,13647192299,id:13647192299,刘秦璋,5,建议,"作为三周年老玩家，从我入坑的赛季（s12）开始整体情况还是不错的，但还是有些建议：
1游戏环境
在岛上基本没有什么扰乱游戏秩序的蛋，但是有时也会有煎蛋，希望冈易给煎蛋一个教训。不过这一点还是很好，毕竟有勿扰果实。
2游戏关卡
在模式里面玩家做的挺好（偶尔有意外），官方也整了个信誉分。不过有些小建议，有些玩家太开g了，建议把冬冬羊削弱一下，每一把超然遇到东东就没有希望。惊魂夜也是，把超标的哑女削一下，一个钩爪能飞天。
惊魂寻宝队我觉的很暖心，每一把困难模式队友都保护我，我死了也不顾一切救我。就是有个bug，伪蛋刚刚打倒就复活了。
3乐园地图
玩家在这里可以创作许多好玩的地图，但是总有些作者欺骗玩家。比如说在封面介绍上说是氪金体验图，进去后全是广告。希望官方严惩这些蛋。
4皮肤
皮肤这方面一般般，有时候好看，有时候一言难尽。希望冈易把皮肤做的好一些，不然海报一上就全跑了。
5氪金差距
本人作为一个零氪玩家很了解氪金差距，氪了的在岛上炫耀，没氪的只能羡慕的看着，希望冈易不要太圈钱，多给零氪一些福利，把差距拉小一些。

以上为个人观点，希望冈易改进。
（禁止复制）",,cn,2026-01-18T10:25:35.000Z,0,zh,script-heuristic,False,,True,page,2026-08-12T09:33:51+00:00
amp-page,1544884479,13791252525,id:13791252525,蛋仔🆔五个露露,3,第一次评论,"作为一个累积10个小时就能打上2700且白月光S7赛季入坑的老玩家，我觉得我还是很有话语权的
由于我只打巅峰就只说巅峰的问题：
1. 匹配制度题：BMI指数太逆天了，低段位和巅峰凤凰蛋看不出来，完美凤凰和超凤无敌就能看出来了，认真打几局到了决赛只加1、2分，BMI指数还狂涨（这个指数不在表面显示，一般加分就涨）基本上打两局加了四五分以后，就会来一个特别高质量的局，然后掉大分，BMI指数只掉一点，这就导致我现在的分段（2800）要是不掉个一两百分，根本碰不见人机局，就算碰到了也只能加个10分多点，有的时候BMI指数还失控，我今天从2855开始一直掉（因为生病手感差）调到2697了本来我以为要有人机局了，结果给我来了一个无敌局，看到蛋仔x的时候我都蒙了，结果最后就是第一局就没，掉了28分

2.龙焰之力问题：不该削弱的削弱（冰蛋CD3—5、缩小技能持续时间13—9）没用的还一直增强！

3.键位：如果不用官方的键位，就很容易断触，并且这不是手机的问题，我身边有一个用17的朋有，也是一改键位就断触

除了关于巅峰的问题我再说一个关于各个大区的问题：安卓区的账号就算是用手机号码、网易邮箱也不能在我的iPhone上登录，因为这件事我直接在17赛季退游到这个赛季才重新反游

还有一个就是战区及封禁的问题：为什么非要周一的早上7:00到11:00才能更换战区，每次国庆我都会旅游，旅游途中就会打蛋仔，如果拿了地区记录，记录在自己的战区，但IP却在别的战区，这就很容易被误封，还有那些开挂的，已经无法无天了，举报也没用，根本不管，别的游戏开挂的人都是躲着，蛋仔开挂的人都敢在社交媒体上炫耀了，官方自己不觉得很可笑吗？

不说了，今天晚上就要更新赛季了，收拾收拾睡觉，准备冲无敌了",,cn,2026-02-26T13:39:58.000Z,0,zh,script-heuristic,False,,True,page,2026-08-12T09:33:51+00:00
amp-page,1544884479,13643331097,id:13643331097,不要我的内存！,3,一点建议,其实网易是还行的 就是占内存的问题能解决一下吗😭 还有最近玩都不知道怎么回事 身边朋友也有这种问题 就是在进到游戏界面之后 要不然就是卡在更新资源的一个界面 要不然就是在进入游戏的界面里面一直显示正在拉取服务列表 每次拉去都得等好几十分钟 修复客户端也没有用 有时候真的挺绝望的 打游戏打到一半网络 明明好好的 莫名其妙就卡退了 结果到游戏界面一直显示正在拉取服务列表 还有捣蛋鬼 越来越没意思了 坏蛋出一个超标角色 结果好蛋又出一个超标角色 中立再出一个超标角色，以此来维持这三个里面的诡异的和平 还有逃出惊魂夜真的在好好做吗？先不说老角色的问题 就说新角色 一开始出了个什么教主 后来又出了个主教 实际上主教的技能对教主根本没有什么用 该砸还是能砸 砸到了也只用眩晕了零点几秒 再说老角色 例如说小丑 突然给小丑升级成那么超标 你自己看一看那小丑不超标吗？ 再说新皮肤的问题 免费皮肤做那么丑就算了 毕竟不花钱要什么自行车 但现在那些充值皮肤还甚至有些都不如免费皮肤好看 例如说那个累充全息羽翼（忘记叫什么了）做得那么丑（1288） 还有那个超燃竞技场 角色做得那么超模 老角色都不管吗？ 一直在出新角色 刚出完一阵子又要大削 那老角色呢？老角色还有人管吗？举个例子蛋小黄 多久没更了？ 还有那个黑拳 那个被动是人能想出来的吗？ 接下来是建议 逃出惊魂夜排位可以增添那种在巅峰中一个角色限制的几个人 （与超燃竞技场类似）超燃竞技场 其实角色问题也可以不用解决 毕竟打得好的都可以玩会 但是新出的卡牌能再有用一点吗？ 或者是在刷卡的时候 能不能一张卡少出现几轮？（我最高一次刷了四轮，那三张卡都是同一张）,,cn,2026-01-17T11:11:23.000Z,0,zh,script-heuristic,False,,True,page,2026-08-12T09:33:51+00:00
amp-page,1544884479,12800071175,id:12800071175,#P想泥蜡.,3,第二次写撰文,"这是我写的第二个撰文，不知道第一个网易有没有看到。
       我是一个听朋友介绍s16玩的零氪玩家，因为我觉得在游戏里充钱没有意义，我是比较喜欢蛋仔的，偶尔也会看一些蛋仔以前的视频，看到了一些好玩的bug也会第一时间上线试玩，但有一些被修复了，就玩不了，这一点我很疑惑，为什么蛋仔玩家们好不容易发现的好玩的bug要修复它呢？玩游戏就是为了快乐，而卡这些好玩的bug会让我们快乐，那种会影响其他玩家的bug修复我很支持，比如之前的那个龙与剑之诗那个赛季的无敌bug，有一些玩家打了别人就卡这个bug，让别人打都打不动，这个就修复得很好，而那个“蛋之呼吸”的bug为什么要修复呢？我们玩这个bug明明玩得很开心。
       第二是之前我玩巅峰和逃出惊魂夜都不卡而现在一玩就卡的要死，逃出惊魂夜玩马戏团那个图会给我卡成照片，巅峰就开局卡，我比较喜欢玩多人的，我的开局卡就会导致速八，所以我之前玩巅峰不卡时每个赛季都是凤凰蛋，而现在就是一个鸡蛋段位，和别人一起玩都以为我只有鸡蛋的水平。
       第三是为什么我们送别人东西还要蛋币呢？难道现实生活中我们送别人礼物也要钱吗？
       第四，也是我最后一个问题，在很久以前网易出了友爱分岛，可说的是基本玩家们都有资格，可那些有资格的玩家基本都是氪金玩家，我有一个大佬朋友，每次我去她岛时都是友爱分岛，难道这个是花钱买的资格吗？
       这是我玩蛋仔的一些问题，希望网易大大能看见并能做好就做好，在这里祝蛋仔玩家们天天开心、快乐，祝蛋仔能越走越远",,cn,2025-06-21T12:01:49.000Z,0,zh,script-heuristic,False,,True,page,2026-08-12T09:33:51+00:00
amp-page,1544884479,11741405221,id:11741405221,作废信纸,3,对于蛋仔官方,"我是s3赛季入坑 意义上也算是老玩家，我也算是见过了蛋仔从巅峰时期慢慢走向衰败，问题有很多，1是因为爆率，2是火了以后就开始只想着赚钱，根本不考虑玩家所要求的，3是频频被爆出抄袭，大部分基本也是可以肯定确实抄袭了，导致别的游戏玩家对蛋仔印象越来越不好，且现在蛋仔很多迷惑人，败坏路人缘，s7赛季是最成功的赛季，那时的官方也许真的只是想做好一个游戏，可现在不一样了，网易蛋仔派对，你忘了你的初衷，如果不是超燃竞技场和蓝粉还有我的几个没有联系方式的朋友我早退了，现在还踩低小黑，你也是忘了蛋仔就是劳改蛋带火的，小黑的形象就取自这，你也知道为什么现在每天登录的人原来越少了吧，喜欢小黑的那些人都退游了，s7赛季劳改蛋火了我就开始每天上线，可你把蛋仔岛改了，改掉了我们仅存的回忆，我之前的朋友也全退了，蛋仔越来越没有意思了，零氪基本没有什么福利，我微氪，但你一件衣服十二也太黑了吧，别再想着赚钱了，为了一点点钱损失那么多玩家，招来那么多骂名，关于蛋仔火一点的视频下面都会有骂得，说难听点，蛋仔就是第二个迷你世界，迷你现在好歹也改了，官方你真是让我无话可说，管管环境，抵制抄袭，搞多点福利也不至于这样，你干脆出个圈钱派对或联动派对算了
看到这里的玩家可以加一下我哥好友一起玩 他名字：判疼，（我好后悔那时候我没取单字现在连双字都取不了）说一些我半退游，我哥主玩竞技场，其他的他大概也会一些（我哥非常好相处（赞）",,cn,2024-09-19T15:25:18.000Z,0,zh,script-heuristic,False,,True,page,2026-08-12T09:33:51+00:00
